{
  "framework": "nextjs",
  "buildCommand": "npm run build",
  "devCommand": "npm run dev",
  "installCommand": "npm install",
  "functions": {
    "src/app/api/**/*.ts": {
      "maxDuration": 30
    }
  },
  "env": {
    "NEXTAUTH_URL": "@nextauth_url",
    "NEXTAUTH_SECRET": "@nextauth_secret",
    "DATABASE_URL": "@database_url",
    "NEXT_PUBLIC_SUPABASE_URL": "@next_public_supabase_url",
    "NEXT_PUBLIC_SUPABASE_ANON_KEY": "@next_public_supabase_anon_key",
    "SUPABASE_SERVICE_ROLE_KEY": "@supabase_service_role_key",
    "RESEND_API_KEY": "@resend_api_key"
  }
}